Title,Company,Location,Experience,Salary,Skills,Posted,Link
Career Opportunities: Python Developer (49609),Incedo,Mexico,3 - 5 Yrs,Not disclosed,"Data Science Expertise, Engineering Capabilities",11-07-2026,https://www.timesjobs.com/job-detail/career-opportunities-python-developer-49609-incedo-mexico-3-5-years-jobid-TZoIDYIVTPdzpSvf+uAgZw==&source=srp
Career Opportunities: Python Developer (48527),Incedo,Mexico,7 - 9 Yrs,Not disclosed,"Machine Learning Models, ML Pipelines Development",11-07-2026,https://www.timesjobs.com/job-detail/career-opportunities-python-developer-48527-incedo-mexico-7-9-years-jobid-RUv781fQcudzpSvf+uAgZw==&source=srp
Career Opportunities: Python Developer (49386),Incedo,Mexico,3 - 5 Yrs,Not disclosed,"Data Science, Digital Transformation",11-07-2026,https://www.timesjobs.com/job-detail/career-opportunities-python-developer-49386-incedo-mexico-3-5-years-jobid-QuPDQjKLx__SLASH__5zpSvf+uAgZw==&source=srp
Career Opportunities: Python Developer (49381),Incedo,Mexico,5 - 10 Yrs,Not disclosed,"Data Science Expertise, Digital Transformation",11-07-2026,https://www.timesjobs.com/job-detail/career-opportunities-python-developer-49381-incedo-mexico-5-10-years-jobid-U6UcbzmjrSFzpSvf+uAgZw==&source=srp
Career Opportunities: Python Developer (49411),Incedo,Mexico,5 - 10 Yrs,Not disclosed,"Data Science Expertise, Digital Transformation",11-07-2026,https://www.timesjobs.com/job-detail/career-opportunities-python-developer-49411-incedo-mexico-5-10-years-jobid-htVXhrNfqyhzpSvf+uAgZw==&source=srp
Career Opportunities: Python Developer (49609),Incedo,Mexico,5 - 10 Yrs,Not disclosed,"Data Science Expertise, Digital Transformation",11-07-2026,https://www.timesjobs.com/job-detail/career-opportunities-python-developer-49609-incedo-mexico-5-10-years-jobid-afXRuHLENApzpSvf+uAgZw==&source=srp
Senior Data Engineer - Python Job Job Details | Yash Technologies,Yash Technologies,Bengaluru,5 - 12 Yrs,Not disclosed,"Data Pipeline Development, Advanced Data Modelling",11-07-2026,https://www.timesjobs.com/job-detail/senior-data-engineer-python-job-job-details-yash-technologies-yash-technologies-bengaluru-5-12-years-jobid-ECuaU07HVg1zpSvf+uAgZw==&source=srp
3Pillar - Senior Python Software Engineer - AI,3Pillar Global,Costa Rica,5 - 8 Yrs,Not disclosed,"Python Development, Distributed Systems",13-07-2026,https://www.timesjobs.com/job-detail/3pillar-senior-python-software-engineer-ai-3pillar-global-costa-rica-5-8-years-jobid-mkF0Ll8Vt7dzpSvf+uAgZw==&source=srp
3Pillar - Senior Python Software Engineer - AI,3Pillar Global,Guatemala,5 - 10 Yrs,Not disclosed,"Python Development, Cloud Based Systems",13-07-2026,https://www.timesjobs.com/job-detail/3pillar-senior-python-software-engineer-ai-3pillar-global-guatemala-5-10-years-jobid-SE5DDJTjPg5zpSvf+uAgZw==&source=srp
3Pillar - Senior Python Software Engineer - AI,3Pillar Global,Remote,5 - 10 Yrs,Not disclosed,"Python Software Development, Distributed Systems Design",13-07-2026,https://www.timesjobs.com/job-detail/3pillar-senior-python-software-engineer-ai-3pillar-global-remote-5-10-years-jobid-oiTEoCXXp9tzpSvf+uAgZw==&source=srp
